{
	"count": 796084,
	"min": 1,
	"max": 2765946854,
	"avg": 741707.0497661051,
	"sum": 590461115006,
	"sum_of_squares": 15295081725221380000,
	"variance": 18662769950920.6,
	"std_deviation": 4320042.818181389,
	"std_deviation_bounds": {
		"upper": 9381792.686128883,
		"lower": -7898378.586596673
	}
}
