{
	"values": {
		"1.0": 5999.9276611275045,
		"5.0": 23167.228213570834,
		"25.0": 106360.53983267206,
		"50.0": 229029.65303158798,
		"75.0": 648734.3596568941,
		"95.0": 2568676.9023536285,
		"99.0": 7620599.531014212
	}
}
